timestamp,open,high,low,close,volume
2024-12-23,0.99899000,0.99920000,0.99833000,0.99872000,735325810.35000002
2024-12-24,0.99871000,0.99949000,0.99830000,0.99927000,793851784.75999999
2024-12-25,0.99928000,0.99932000,0.99882000,0.99915000,175081477.50999999
2024-12-26,0.99915000,0.99938000,0.99865000,0.99881000,540505006.00000000
2024-12-27,0.99881000,0.99892000,0.99783000,0.99852000,611318515.10000002
2024-12-28,0.99853000,0.99857000,0.99810000,0.99816000,174054682.97000000
2024-12-29,0.99817000,0.99848000,0.99773000,0.99814000,303375598.69000000
2024-12-30,0.99813000,0.99906000,0.99700000,0.99812000,931904572.35000002
2024-12-31,0.99811000,0.99900000,0.99791000,0.99791000,492879377.92000002
2025-01-01,0.99792000,0.99819000,0.99748000,0.99789000,287841881.92000002
2025-01-02,0.99790000,0.99921000,0.99785000,0.99898000,363718900.77999997
2025-01-03,0.99898000,0.99975000,0.99886000,0.99951000,462754815.88999999
2025-01-04,0.99951000,0.99994000,0.99944000,0.99983000,154027521.09999999
2025-01-05,0.99984000,0.99990000,0.99954000,0.99978000,127078199.87000000
2025-01-06,0.99978000,1.00072000,0.99947000,1.00040000,426452421.74000001
2025-01-07,1.00041000,1.00053000,0.99916000,0.99980000,759995394.14999998
2025-01-08,0.99980000,0.99999000,0.99940000,0.99973000,651485300.36000001
2025-01-09,0.99973000,0.99996000,0.99925000,0.99994000,583654644.46000004
2025-01-10,0.99994000,1.00003000,0.99957000,0.99978000,464517588.05000001
2025-01-11,0.99979000,0.99983000,0.99916000,0.99962000,210061025.50999999
2025-01-12,0.99963000,0.99963000,0.99918000,0.99944000,148952834.46000001
2025-01-13,0.99944000,0.99979000,0.99848000,0.99957000,788582058.01999998
2025-01-14,0.99958000,0.99981000,0.99929000,0.99964000,412458941.39999998
2025-01-15,0.99963000,1.00035000,0.99925000,1.00006000,635196619.50999999
2025-01-16,1.00006000,1.00007000,0.99935000,0.99986000,362136900.42000002
2025-01-17,0.99986000,1.00085000,0.99964000,1.00036000,579180090.45000005
2025-01-18,1.00036000,1.00045000,0.99868000,0.99883000,484745447.63000000
2025-01-19,0.99883000,0.99944000,0.99805000,0.99861000,1235565477.72000003
2025-01-20,0.99861000,0.99988000,0.99608000,0.99878000,951063387.73000002
2025-01-21,0.99877000,1.00034000,0.99846000,1.00007000,861492868.05999994
2025-01-22,1.00008000,1.00009000,0.99949000,0.99950000,545044264.23000002
2025-01-23,0.99950000,1.00055000,0.99915000,1.00014000,909483582.61000001
2025-01-24,1.00014000,1.00046000,0.99970000,0.99990000,538387810.69000006
2025-01-25,0.99990000,0.99998000,0.99972000,0.99983000,223028502.56000000
2025-01-26,0.99983000,1.00005000,0.99960000,0.99960000,340082474.97000003
2025-01-27,0.99960000,1.00017000,0.99920000,0.99983000,617011021.91999996
2025-01-28,0.99984000,1.00010000,0.99922000,0.99941000,442455184.32999998
2025-01-29,0.99940000,1.00006000,0.99936000,1.00000000,486631180.77999997
2025-01-30,1.00001000,1.00028000,0.99975000,1.00008000,337630972.06999999
2025-01-31,1.00007000,1.00049000,0.99941000,0.99968000,593566705.44000006
2025-02-01,0.99969000,0.99995000,0.99943000,0.99976000,431254106.95999998
2025-02-02,0.99976000,1.00010000,0.99904000,0.99976000,764240083.00999999
2025-02-03,0.99976000,1.01038000,0.99939000,1.00100000,1548933535.15000010
2025-02-04,1.00100000,1.00122000,1.00007000,1.00022000,895084386.87000000
2025-02-05,1.00022000,1.00042000,0.99992000,1.00004000,623795951.46000004
2025-02-06,1.00005000,1.01033000,0.99997000,1.00005000,507915416.68000001
2025-02-07,1.00005000,1.00070000,0.99999000,1.00019000,709337946.62000000
2025-02-08,1.00019000,1.00030000,0.99975000,1.00012000,431653663.35000002
2025-02-09,1.00013000,1.00025000,1.00002000,1.00014000,265724307.72000000
2025-02-10,1.00014000,1.00030000,0.99999000,1.00016000,449106629.29000002
2025-02-11,1.00016000,1.00026000,0.99968000,0.99984000,415913111.25000000
2025-02-12,0.99984000,1.00010000,0.99946000,1.00003000,523617919.81000000
2025-02-13,1.00002000,1.00013000,0.99983000,1.00007000,236182439.47000000
2025-02-14,1.00008000,1.00042000,0.99996000,1.00005000,405645759.17000002
2025-02-15,1.00005000,1.00015000,0.99998000,1.00015000,234339280.00999999
2025-02-16,1.00015000,1.00015000,0.99989000,1.00005000,224075156.75999999
2025-02-17,1.00005000,1.00011000,0.99988000,0.99994000,212934923.88999999
2025-02-18,0.99994000,1.00001000,0.99877000,0.99938000,530878253.39999998
2025-02-19,0.99939000,1.00005000,0.99935000,0.99990000,343910592.41000003
2025-02-20,0.99990000,1.00048000,0.99930000,1.00016000,566757815.47000003
2025-02-21,1.00016000,1.00030000,0.99900000,0.99938000,621340996.90999997
2025-02-22,0.99938000,1.00010000,0.99937000,1.00006000,677965554.70000005
2025-02-23,1.00006000,1.00017000,0.99989000,0.99996000,631152007.27999997
2025-02-24,0.99997000,1.00031000,0.99953000,0.99980000,384579036.60000002
2025-02-25,0.99980000,0.99995000,0.99837000,0.99877000,591299934.46000004
2025-02-26,0.99877000,0.99940000,0.99813000,0.99853000,462683107.56999999
2025-02-27,0.99854000,0.99943000,0.99830000,0.99905000,439808220.86000001
2025-02-28,0.99906000,0.99999000,0.99855000,0.99955000,482263634.43000001
2025-03-01,0.99955000,0.99979000,0.99938000,0.99956000,261915492.13000000
2025-03-02,0.99957000,1.00060000,0.98974000,1.00008000,405533729.22000003
2025-03-03,1.00008000,1.00008000,0.99896000,0.99927000,496384468.66000003
2025-03-04,0.99927000,0.99999000,0.99907000,0.99978000,418675951.06000000
2025-03-05,0.99977000,1.00000000,0.99962000,0.99998000,400168876.19000000
2025-03-06,0.99998000,1.00026000,0.99978000,0.99997000,379107277.19000000
2025-03-07,0.99998000,1.00010000,0.99951000,0.99955000,574110465.24000001
2025-03-08,0.99955000,0.99982000,0.99954000,0.99967000,163330451.28999999
2025-03-09,0.99967000,0.99996000,0.99963000,0.99968000,138523336.77000001
2025-03-10,0.99968000,1.00001000,0.99914000,0.99943000,393426870.16000003
2025-03-11,0.99943000,1.00000000,0.99934000,0.99971000,459927009.64999998
2025-03-12,0.99972000,0.99992000,0.99954000,0.99974000,376836320.77999997
2025-03-13,0.99973000,1.00000000,0.99938000,0.99953000,442396488.00999999
2025-03-14,0.99954000,1.00020000,0.99949000,1.00001000,607574770.21000004
2025-03-15,1.00002000,1.00016000,0.99987000,1.00002000,416233069.73000002
2025-03-16,1.00002000,1.00012000,0.99978000,0.99993000,404218614.62000000
2025-03-17,0.99993000,0.99998000,0.99967000,0.99995000,335703352.69999999
2025-03-18,0.99994000,0.99999000,0.99960000,0.99978000,242369231.49000001
2025-03-19,0.99978000,1.00028000,0.99976000,1.00026000,336640530.63000000
2025-03-20,1.00026000,1.00031000,0.99929000,0.99941000,234277391.53999999
2025-03-21,0.99942000,0.99972000,0.99932000,0.99965000,198788383.02000001
2025-03-22,0.99965000,0.99990000,0.99958000,0.99984000,45277972.51000000
2025-03-23,0.99984000,0.99998000,0.99978000,0.99998000,37923403.43000000
2025-03-24,0.99998000,1.00024000,0.99982000,1.00019000,293528029.48000002
2025-03-25,1.00018000,1.00050000,0.99997000,1.00017000,377800749.26999998
2025-03-26,1.00018000,1.00027000,0.99997000,1.00009000,272371627.61000001
2025-03-27,1.00010000,1.00026000,0.99966000,0.99977000,227833385.94000000
2025-03-28,0.99977000,0.99985000,0.99915000,0.99952000,288356804.44999999
2025-03-29,0.99952000,0.99970000,0.99950000,0.99967000,61713390.30000000
2025-03-30,0.99966000,0.99993000,0.99956000,0.99992000,110979492.80000000
2025-03-31,0.99992000,1.00001000,0.99968000,0.99979000,246387811.52000001
2025-04-01,0.99979000,1.00000000,0.99958000,1.00000000,220316685.13999999
2025-04-02,1.00000000,1.00011000,0.99964000,0.99980000,298274380.32999998
2025-04-03,0.99980000,1.00003000,0.99941000,0.99960000,254704797.33000001
2025-04-04,0.99959000,0.99995000,0.99938000,0.99966000,238150061.97999999
2025-04-05,0.99966000,0.99976000,0.99953000,0.99961000,62458620.10000000
2025-04-06,0.99961000,0.99973000,0.99894000,0.99927000,204789191.81000000
2025-04-07,0.99928000,0.99965000,0.99879000,0.99952000,407231714.80000001
2025-04-08,0.99952000,0.99974000,0.99872000,0.99906000,251838953.75999999
2025-04-09,0.99906000,1.00001000,0.99895000,0.99974000,414704752.69000000
2025-04-10,0.99973000,0.99975000,0.99922000,0.99939000,279712486.33999997
2025-04-11,0.99938000,0.99970000,0.99925000,0.99953000,255209366.41999999
2025-04-12,0.99952000,0.99989000,0.99949000,0.99988000,120615059.31000000
2025-04-13,0.99989000,0.99992000,0.99957000,0.99971000,370295113.66000003
2025-04-14,0.99971000,1.00002000,0.99955000,0.99992000,307173105.92000002
2025-04-15,0.99992000,1.00008000,0.99979000,0.99992000,194070002.93000001
2025-04-16,0.99991000,1.00012000,0.99985000,0.99998000,163814587.06999999
2025-04-17,0.99999000,1.00013000,0.99962000,1.00000000,220794472.93000001
2025-04-18,1.00001000,1.00002000,0.99980000,0.99989000,72664836.98999999
2025-04-19,0.99989000,0.99999000,0.99973000,0.99990000,126480107.95000000
2025-04-20,0.99990000,1.00004000,0.99981000,0.99997000,73906106.22000000
2025-04-21,0.99997000,1.00039000,0.99981000,1.00001000,417398186.35000002
2025-04-22,1.00001000,1.00077000,0.99992000,1.00040000,758550781.97000003
2025-04-23,1.00039000,1.00058000,0.99982000,1.00039000,353466584.41000003
2025-04-24,1.00039000,1.00049000,0.99999000,1.00038000,380597072.39999998
2025-04-25,1.00039000,1.00090000,1.00010000,1.00060000,767469877.78999996
2025-04-26,1.00060000,1.00060000,1.00024000,1.00029000,348470337.45999998
2025-04-27,1.00029000,1.00044000,1.00016000,1.00034000,174335798.05000001
2025-04-28,1.00033000,1.00049000,1.00016000,1.00022000,345091246.01999998
2025-04-29,1.00022000,1.00037000,0.99999000,1.00025000,323190735.60000002
2025-04-30,1.00025000,1.00029000,0.99979000,1.00009000,246324559.96000001
2025-05-01,1.00009000,1.00052000,1.00002000,1.00029000,133925921.28000000
2025-05-02,1.00028000,1.00049000,1.00018000,1.00036000,84528734.70999999
2025-05-03,1.00037000,1.00037000,1.00021000,1.00022000,9402862.08000000
2025-05-04,1.00021000,1.00022000,1.00008000,1.00009000,9155190.72000000
2025-05-05,1.00009000,1.00011000,0.99975000,0.99995000,84289696.65000001
2025-05-06,0.99995000,1.00000000,0.99957000,0.99993000,68596421.37000000
2025-05-07,0.99993000,1.00022000,0.99982000,1.00016000,49726168.31000000
2025-05-08,1.00016000,1.00020000,0.99962000,0.99997000,84054552.08000000
2025-05-09,0.99997000,1.00022000,0.99926000,1.00011000,64901949.09000000
2025-05-10,1.00012000,1.00012000,1.00003000,1.00007000,23280942.41000000
2025-05-11,1.00007000,1.00021000,1.00001000,1.00019000,32178951.64000000
2025-05-12,1.00018000,1.00019000,0.99995000,0.99995000,52867752.18000000
2025-05-13,0.99996000,1.01000000,0.99995000,1.00006000,95695798.93000001
2025-05-14,1.00005000,1.00015000,0.99990000,1.00013000,101989969.52000000
2025-05-15,1.00014000,1.00015000,1.00010000,1.00014000,78989679.33000000
2025-05-16,1.00013000,1.00039000,1.00011000,1.00031000,57800938.91000000
2025-05-17,1.00031000,1.00031000,1.00030000,1.00030000,13027072.07000000
2025-05-18,1.00030000,1.00044000,1.00030000,1.00043000,19669567.06000000
2025-05-19,1.00043000,1.00044000,1.00012000,1.00026000,53550133.56000000
2025-05-20,1.00026000,1.00038000,1.00017000,1.00035000,70064088.28000000
2025-05-21,1.00034000,1.00068000,1.00034000,1.00042000,70652368.37000000
2025-05-22,1.00043000,1.00043000,1.00001000,1.00026000,53884196.60000000
2025-05-23,1.00026000,1.00031000,0.99975000,1.00024000,58771018.07000000
2025-05-24,1.00024000,1.00045000,1.00023000,1.00035000,23263066.06000000
2025-05-25,1.00035000,1.00041000,1.00033000,1.00034000,17392389.77000000
2025-05-26,1.00034000,1.00053000,1.00033000,1.00037000,61427275.15000000
2025-05-27,1.00038000,1.00056000,1.00009000,1.00050000,69646809.76000001
2025-05-28,1.00050000,1.00050000,0.99989000,1.00029000,87860743.11000000
2025-05-29,1.00029000,1.01032000,0.99975000,1.00000000,54688880.70000000
2025-05-30,1.00000000,1.00047000,0.99999000,1.00036000,71787102.31999999
2025-05-31,1.00036000,1.00059000,1.00033000,1.00050000,24995465.56000000
2025-06-01,1.00050000,1.00055000,1.00039000,1.00050000,16981319.61000000
2025-06-02,1.00050000,1.00054000,1.00039000,1.00048000,45063864.10000000
2025-06-03,1.00049000,1.00082000,1.00048000,1.00066000,54753144.49000000
2025-06-04,1.00067000,1.00067000,1.00040000,1.00057000,33979999.90000000
2025-06-05,1.00057000,1.00057000,1.00008000,1.00048000,48710866.44000000
2025-06-06,1.00048000,1.00088000,1.00037000,1.00070000,84754876.00000000
2025-06-07,1.00070000,1.00078000,1.00050000,1.00053000,16367809.65000000
2025-06-08,1.00053000,1.00053000,1.00032000,1.00048000,12537593.47000000
2025-06-09,1.00048000,1.00062000,1.00037000,1.00043000,54294381.90000000
2025-06-10,1.00044000,1.00044000,1.00010000,1.00021000,62654903.26000000
2025-06-11,1.00022000,1.00034000,0.99993000,1.00032000,43583134.63000000
2025-06-12,1.00032000,1.00052000,0.99919000,1.00044000,50012565.22000000
2025-06-13,1.00043000,1.00097000,1.00042000,1.00048000,65875697.12000000
2025-06-14,1.00049000,1.00062000,1.00042000,1.00044000,13914880.76000000
2025-06-15,1.00044000,1.00045000,0.99994000,1.00016000,27084563.12000000
2025-06-16,1.00016000,1.00052000,0.99991000,1.00051000,48652564.68000000
2025-06-17,1.00051000,1.00052000,0.99010000,1.00018000,41844726.34000000
2025-06-18,1.00017000,1.00027000,0.99907000,1.00023000,48219862.54000000
2025-06-19,1.00024000,1.00024000,0.99986000,1.00016000,25405108.64000000
2025-06-20,1.00015000,1.00021000,0.99999000,1.00020000,52896234.53000000
2025-06-21,1.00019000,1.00040000,1.00003000,1.00028000,21314878.92000000
2025-06-22,1.00029000,1.00048000,1.00014000,1.00027000,38885087.34000000
2025-06-23,1.00027000,1.00080000,1.00027000,1.00073000,55831656.06000000
2025-06-24,1.00072000,1.00073000,1.00037000,1.00040000,57341338.72000000
2025-06-25,1.00040000,1.00059000,1.00029000,1.00049000,53937451.76000000
2025-06-26,1.00050000,1.00060000,1.00005000,1.00030000,70319681.06000000
2025-06-27,1.00029000,1.00051000,1.00024000,1.00042000,50429277.79000000
2025-06-28,1.00042000,1.00043000,1.00038000,1.00039000,9571922.82000000
2025-06-29,1.00038000,1.00039000,1.00020000,1.00022000,11301285.69000000
2025-06-30,1.00022000,1.00034000,1.00005000,1.00025000,69815446.03000000
2025-07-01,1.00026000,1.00034000,1.00011000,1.00017000,39628420.94000000
2025-07-02,1.00017000,1.00072000,1.00007000,1.00043000,66716530.61000000
2025-07-03,1.00043000,1.00054000,1.00024000,1.00032000,65465826.79000000
2025-07-04,1.00032000,1.00041000,1.00005000,1.00025000,26375303.99000000
2025-07-05,1.00024000,1.00031000,1.00022000,1.00026000,9115629.63000000
2025-07-06,1.00026000,1.00030000,0.99980000,1.00011000,9946962.98000000
2025-07-07,1.00012000,1.00022000,0.99993000,1.00006000,61983138.17000000
2025-07-08,1.00005000,1.00020000,1.00000000,1.00020000,57630067.76000000
2025-07-09,1.00020000,1.00039000,0.99990000,1.00034000,56765039.55000000
2025-07-10,1.00034000,1.00111000,1.00005000,1.00011000,136957599.22000000
2025-07-11,1.00012000,1.00045000,1.00005000,1.00041000,94830467.77000000
2025-07-12,1.00041000,1.00046000,1.00028000,1.00033000,23305736.38000000
2025-07-13,1.00032000,1.00047000,1.00025000,1.00043000,13517768.62000000
2025-07-14,1.00043000,1.00053000,0.99988000,1.00019000,188227835.96000001
2025-07-15,1.00018000,1.00023000,0.99967000,1.00000000,146034691.99000001
2025-07-16,1.00000000,1.00066000,0.99999000,1.00048000,191361684.28999999
2025-07-17,1.00048000,1.00068000,0.99999000,1.00068000,374782311.25999999
2025-07-18,1.00068000,1.00094000,0.99998000,1.00069000,111274298.22000000
2025-07-19,1.00069000,1.00081000,1.00041000,1.00047000,16455881.14000000
2025-07-20,1.00046000,1.00051000,1.00030000,1.00043000,17169944.22000000
2025-07-21,1.00042000,1.00062000,1.00029000,1.00046000,96608013.33000000
2025-07-22,1.00046000,1.00057000,1.00023000,1.00044000,85735120.93000001
2025-07-23,1.00045000,1.00056000,1.00023000,1.00051000,51671677.27000000
2025-07-24,1.00051000,1.00065000,1.00039000,1.00048000,76494739.13000000
2025-07-25,1.00049000,1.00049000,0.99983000,0.99999000,652818872.46000004
2025-07-26,1.00000000,1.00045000,0.99999000,1.00030000,76366111.31999999
2025-07-27,1.00030000,1.00030000,0.99998000,1.00020000,48424868.39000000
2025-07-28,1.00019000,1.00025000,0.99929000,0.99994000,220260497.74000001
2025-07-29,0.99994000,0.99998000,0.99959000,0.99980000,141877124.55000001
2025-07-30,0.99981000,1.00014000,0.99969000,0.99996000,59919527.90000000
2025-07-31,0.99996000,1.00000000,0.99962000,0.99989000,63972985.10000000
2025-08-01,0.99990000,0.99997000,0.99951000,0.99957000,63413464.98000000
2025-08-02,0.99958000,0.99975000,0.99955000,0.99974000,26494610.53000000
2025-08-03,0.99974000,1.00007000,0.99973000,1.00006000,27535346.23000000
2025-08-04,1.00006000,1.00020000,0.99972000,0.99998000,75354908.44000000
2025-08-05,0.99997000,1.00002000,0.99958000,0.99988000,107888686.12000000
2025-08-06,0.99989000,1.00018000,0.99975000,1.00017000,56872554.35000000
2025-08-07,1.00018000,1.00088000,1.00002000,1.00026000,65027678.82000000
2025-08-08,1.00026000,1.00038000,0.99971000,1.00011000,67810166.26000001
2025-08-09,1.00012000,1.00028000,1.00005000,1.00025000,24377746.95000000
2025-08-10,1.00026000,1.00027000,0.99991000,1.00017000,24386555.05000000
2025-08-11,1.00017000,1.00036000,0.99969000,1.00000000,107961805.70999999
2025-08-12,1.00000000,1.00007000,0.99975000,0.99982000,59566760.73000000
2025-08-13,0.99982000,1.00047000,0.99975000,1.00034000,76752536.43000001
2025-08-14,1.00034000,1.00065000,1.00020000,1.00065000,84937806.61000000
2025-08-15,1.00064000,1.00084000,1.00028000,1.00065000,65956786.74000000
2025-08-16,1.00066000,1.00075000,1.00054000,1.00060000,16526100.58000000
2025-08-17,1.00060000,1.00069000,1.00033000,1.00059000,16231177.97000000
2025-08-18,1.00060000,1.00069000,1.00032000,1.00045000,68382025.80000000
2025-08-19,1.00045000,1.00046000,0.99979000,0.99988000,78801306.41000000
2025-08-20,0.99988000,1.00014000,0.99979000,1.00007000,92671365.41000000
2025-08-21,1.00008000,1.00009000,0.99801000,0.99974000,47822134.97000000
2025-08-22,0.99975000,1.00000000,0.99949000,0.99963000,87469236.64000000
2025-08-23,0.99963000,0.99975000,0.99945000,0.99962000,41060693.01000000
2025-08-24,0.99962000,0.99991000,0.99950000,0.99987000,41078051.20000000
2025-08-25,0.99987000,1.00026000,0.99945000,1.00011000,104874356.98999999
2025-08-26,1.00012000,1.00026000,0.99971000,1.00011000,106785896.83000000
2025-08-27,1.00011000,1.00020000,0.99985000,1.00000000,58815776.72000000
2025-08-28,1.00000000,1.00018000,0.99979000,1.00003000,55814322.25000000
2025-08-29,1.00003000,1.00024000,0.99990000,1.00006000,79393581.72000000
2025-08-30,1.00006000,1.00016000,0.99990000,1.00010000,44027339.26000000
2025-08-31,1.00010000,1.00010000,0.99996000,1.00005000,32298208.04000000
2025-09-01,1.00006000,1.00033000,0.99980000,1.00013000,29596172.53000000
2025-09-02,1.00013000,1.00027000,0.99951000,1.00003000,49493447.13000000
2025-09-03,1.00002000,1.00051000,0.99964000,1.00046000,40212347.73000000
2025-09-04,1.00049000,1.00055000,0.99980000,1.00020000,39578804.76000000
2025-09-05,1.00012000,1.00036000,0.99951000,1.00005000,42571453.25000000
2025-09-06,1.00005000,1.00044000,0.99976000,1.00036000,16650759.60000000
2025-09-07,1.00036000,1.00045000,0.99990000,1.00008000,10937017.76000000
2025-09-08,1.00008000,1.00032000,0.99948000,1.00017000,45527825.79000000
2025-09-09,1.00017000,1.00029000,0.99952000,1.00011000,63236763.47000000
2025-09-10,1.00011000,1.00049000,0.99966000,1.00015000,48102608.89000000
2025-09-11,1.00015000,1.00052000,0.99950000,1.00029000,65745771.03000000
2025-09-12,1.00031000,1.00131000,0.99980000,1.00070000,46649159.00000000
2025-09-13,1.00056000,1.00084000,1.00015000,1.00044000,29602116.58000000
2025-09-14,1.00048000,1.00084000,1.00030000,1.00046000,13646700.79000000
2025-09-15,1.00045000,1.00072000,0.99980000,1.00033000,44835962.36000000
2025-09-16,1.00033000,1.00061000,0.99954000,1.00039000,44157415.08000000
2025-09-17,1.00039000,1.00059000,0.99908000,1.00031000,48352559.76000000
2025-09-18,1.00036000,1.00072000,1.00008000,1.00041000,47974293.37000000
2025-09-19,1.00041000,1.00065000,0.99991000,1.00061000,46151417.34000000
2025-09-20,1.00061000,1.00077000,0.99998000,1.00055000,19027534.23000000
2025-09-21,1.00050000,1.00072000,1.00009000,1.00058000,15884853.46000000
2025-09-22,1.00052000,1.00103000,1.00012000,1.00081000,54619000.07000000
2025-09-23,1.00085000,1.00102000,1.00002000,1.00034000,47970205.66000000
2025-09-24,1.00034000,1.00069000,1.00002000,1.00038000,40277730.75000000
2025-09-25,1.00041000,1.00086000,0.99990000,1.00035000,65518085.90000000
2025-09-26,1.00034000,1.00100000,1.00014000,1.00066000,52459855.58000000
2025-09-27,1.00065000,1.00087000,1.00020000,1.00048000,21494428.61000000
2025-09-28,1.00047000,1.00109000,1.00020000,1.00053000,12487449.47000000
2025-09-29,1.00046000,1.00500000,0.99993000,1.00061000,47911964.56000000
2025-09-30,1.00057000,1.00084000,0.99974000,1.00011000,95933626.00000000
2025-10-01,1.00012000,1.00091000,0.99986000,1.00068000,63787174.09000000
2025-10-02,1.00062000,1.00100000,1.00007000,1.00069000,51341801.84000000
2025-10-03,1.00075000,1.00100000,1.00001000,1.00066000,53527876.93000000
2025-10-04,1.00066000,1.00089000,1.00021000,1.00044000,17327809.64000000
2025-10-05,1.00055000,1.00068000,0.99990000,1.00032000,28311403.33000000
2025-10-06,1.00032000,1.00079000,0.98091000,1.00040000,81199712.33000000
2025-10-07,1.00036000,1.00090000,1.00015000,1.00053000,68470077.31999999
2025-10-08,1.00053000,1.00074000,1.00000000,1.00033000,50278638.30000000
2025-10-09,1.00033000,1.00228000,1.00000000,1.00058000,47803015.24000000
2025-10-10,1.00052000,1.07264000,0.99973000,1.00181000,147181280.00999999
2025-10-11,1.00172000,1.01112000,1.00032000,1.00105000,88419427.34000000
2025-10-12,1.00109000,1.01000000,1.00001000,1.00100000,29589651.06000000
2025-10-13,1.00099000,1.00595000,1.00041000,1.00079000,50542079.91000000
2025-10-14,1.00079000,1.00110000,0.99990000,1.00057000,56313446.04000000
2025-10-15,1.00057000,1.00098000,1.00014000,1.00058000,41939067.89000000
2025-10-16,1.00058000,1.00110000,1.00001000,1.00020000,42143241.34000000
2025-10-17,1.00023000,1.00055000,0.99973000,1.00039000,43009141.20000000
2025-10-18,1.00040000,1.00057000,1.00000000,1.00036000,16891292.76000000
2025-10-19,1.00032000,1.00057000,1.00000000,1.00030000,14623775.11000000
2025-10-20,1.00034000,1.00061000,0.99919000,1.00041000,36318676.67000000
2025-10-21,1.00041000,1.00067000,0.99925000,1.00042000,43302220.04000000
2025-10-22,1.00045000,1.00074000,0.99991000,1.00010000,42674497.59000000
2025-10-23,1.00013000,1.00056000,0.99982000,1.00038000,41695300.77000000
2025-10-24,1.00043000,1.00048000,0.99973000,1.00024000,36856183.96000000
2025-10-25,1.00024000,1.00040000,0.99987000,1.00019000,11126207.62000000
2025-10-26,1.00019000,1.00036000,0.99990000,1.00005000,15311761.24000000
2025-10-27,1.00015000,1.00026000,0.99954000,1.00012000,37470816.14000000
2025-10-28,1.00002000,1.00020000,0.99958000,1.00019000,33139269.04000000
2025-10-29,1.00015000,1.00036000,0.99968000,1.00008000,43207805.03000000
2025-10-30,1.00013000,1.00025000,0.99932000,0.99998000,35806474.78000000
2025-10-31,0.99999000,1.00010000,0.99906000,0.99980000,36732803.74000000
2025-11-01,0.99979000,0.99996000,0.99951000,0.99970000,13692517.09000000
2025-11-02,0.99970000,1.00000000,0.99969000,0.99999000,16596344.99000000
2025-11-03,0.99999000,1.00018000,0.99930000,0.99995000,42781162.27000000
2025-11-04,0.99995000,1.00008000,0.99907000,0.99983000,61031654.33000000
2025-11-05,0.99984000,1.01001000,0.99965000,1.00003000,59998036.68000000
2025-11-06,1.00002000,1.00026000,0.99869000,0.99966000,45227009.75000000
2025-11-07,0.99966000,1.00760000,0.99871000,0.99947000,59637478.27000000
2025-11-08,0.99959000,1.00000000,0.99871000,0.99986000,28846198.52000000
2025-11-09,0.99986000,1.00020000,0.99915000,0.99994000,17019637.02000000
2025-11-10,0.99995000,1.00016000,0.99912000,0.99982000,52073183.03000000
2025-11-11,0.99968000,1.00000000,0.99915000,0.99974000,31496980.00000000
2025-11-12,0.99962000,1.00025000,0.99910000,1.00000000,56464944.50000000
2025-11-13,1.00001000,1.00020000,0.99905000,0.99953000,57553919.06000000
2025-11-14,0.99953000,0.99996000,0.99870000,0.99928000,60950653.95000000
2025-11-15,0.99928000,0.99995000,0.99895000,0.99954000,28946008.50000000
2025-11-16,0.99954000,0.99990000,0.99904000,0.99942000,19695902.21000000
2025-11-17,0.99942000,0.99990000,0.99855000,0.99903000,58232899.36000000
2025-11-18,0.99900000,0.99975000,0.98800000,0.99974000,42792456.34000000
2025-11-19,0.99974000,0.99977000,0.99857000,0.99922000,41089262.04000000
2025-11-20,0.99922000,0.99990000,0.99842000,0.99897000,49023206.07000000
2025-11-21,0.99897000,0.99969000,0.99828000,0.99952000,62772657.42000000
2025-11-22,0.99953000,1.00000000,0.99830000,0.99960000,21558432.66000000
2025-11-23,0.99960000,1.00000000,0.99944000,0.99983000,19418555.39000000
2025-11-24,0.99983000,0.99992000,0.99909000,0.99976000,41926918.12000000
2025-11-25,0.99976000,1.00000000,0.99910000,0.99962000,35738590.54000000
2025-11-26,0.99970000,1.00010000,0.99910000,1.00002000,40666216.55000000
2025-11-27,1.00001000,1.00018000,0.99956000,0.99997000,21043459.97000000
2025-11-28,0.99997000,1.01100000,0.99960000,1.00027000,41486206.28000000
2025-11-29,1.00027000,1.00065000,1.00012000,1.00037000,11530304.08000000
2025-11-30,1.00037000,1.00051000,0.99975000,1.00017000,9144201.34000000
2025-12-01,1.00012000,1.00036000,0.99910000,1.00009000,50196763.61000000
2025-12-02,1.00009000,1.00079000,0.99910000,1.00042000,43126007.91000000
2025-12-03,1.00031000,1.00227000,0.99905000,1.00032000,38461194.35000000
2025-12-04,1.00039000,1.00051000,0.99950000,1.00016000,35758474.57000000
2025-12-05,1.00016000,1.00079000,0.99960000,1.00042000,37742971.96000000
2025-12-06,1.00042000,1.00061000,0.99999000,1.00033000,10738964.96000000
2025-12-07,1.00023000,1.00046000,1.00010000,1.00034000,10346882.12000000
2025-12-08,1.00034000,1.00037000,0.99972000,1.00005000,29059370.51000000
2025-12-09,1.00005000,1.00017000,0.99957000,1.00008000,35002768.39000000
2025-12-10,0.99999000,1.00060000,0.99950000,1.00013000,38840660.97000000
2025-12-11,1.00017000,1.00141000,0.99975000,1.00019000,36047581.57000000
2025-12-12,1.00014000,1.00064000,0.99990000,1.00022000,31696326.21000000
2025-12-13,1.00022000,1.00060000,1.00000000,1.00038000,9345730.13000000
2025-12-14,1.00031000,1.00049000,0.99995000,1.00019000,8469075.66000000
2025-12-15,1.00010000,1.00060000,0.99964000,1.00004000,30225265.94000000
2025-12-16,1.00004000,1.00020000,0.99800000,0.99999000,36587396.33000000
2025-12-17,0.99999000,1.00001000,0.99910000,0.99972000,39254083.82000000
2025-12-18,0.99972000,1.00000000,0.99800000,0.99962000,60397972.18000000
2025-12-19,0.99962000,0.99995000,0.99500000,0.99950000,54498707.32000000
2025-12-20,0.99950000,0.99995000,0.99940000,0.99971000,18570952.77000000
2025-12-21,0.99971000,0.99989000,0.99930000,0.99980000,10511717.99000000
2025-12-22,0.99980000,1.00000000,0.99895000,0.99956000,45285845.24000000
2025-12-23,0.99955000,1.00026000,0.99900000,0.99939000,58164180.68000000
2025-12-24,0.99939000,0.99995000,0.99900000,0.99936000,46364741.34000000
2025-12-25,0.99944000,0.99999000,0.99917000,0.99942000,21557655.79000000
2025-12-26,0.99956000,0.99963000,0.99884000,0.99922000,57877969.98000000
2025-12-27,0.99931000,0.99977000,0.99910000,0.99932000,21292988.96000000
2025-12-28,0.99932000,0.99975000,0.99913000,0.99930000,28647204.90000000
2025-12-29,0.99930000,1.00015000,0.99799000,0.99885000,75824056.55000000
2025-12-30,0.99885000,0.99970000,0.99865000,0.99897000,76077421.92000000
2025-12-31,0.99894000,1.00001000,0.99820000,0.99859000,61611642.92000000
2026-01-01,0.99852000,0.99920000,0.99806000,0.99879000,40864158.59000000
2026-01-02,0.99879000,0.99990000,0.99870000,0.99964000,58906534.70000000
2026-01-03,0.99969000,0.99987000,0.99930000,0.99963000,19420064.27000000
2026-01-04,0.99963000,0.99992000,0.99845000,0.99957000,16234917.12000000
2026-01-05,0.99956000,1.00001000,0.99905000,0.99996000,38231630.52000000
2026-01-06,0.99993000,1.00001000,0.99932000,0.99968000,36250222.33000000
2026-01-07,0.99968000,0.99997000,0.99886000,0.99919000,34729368.19000000
2026-01-08,0.99919000,0.99998000,0.99831000,0.99909000,34068698.94000000
2026-01-09,0.99909000,0.99948000,0.99862000,0.99872000,34561216.51000000
2026-01-10,0.99876000,0.99898000,0.99859000,0.99869000,15789015.33000000
2026-01-11,0.99869000,0.99900000,0.99850000,0.99862000,14141585.07000000
2026-01-12,0.99859000,0.99950000,0.99850000,0.99891000,40243380.22000000
2026-01-13,0.99889000,0.99994000,0.99842000,0.99948000,44575901.95000000
2026-01-14,0.99951000,1.00036000,0.99901000,1.00013000,44153353.94000000
2026-01-15,1.00012000,1.00016000,0.99905000,0.99973000,37424715.46000000
2026-01-16,0.99971000,0.99999000,0.99905000,0.99966000,40513630.78000000
2026-01-17,0.99965000,0.99998000,0.99946000,0.99969000,11381410.93000000
2026-01-18,0.99961000,0.99996000,0.99945000,0.99966000,12092796.78000000
2026-01-19,0.99965000,0.99995000,0.99916000,0.99945000,19595376.09000000
2026-01-20,0.99940000,0.99990000,0.99837000,0.99876000,38120502.89000000
2026-01-21,0.99875000,1.00923000,0.99870000,0.99918000,63393185.00000000
2026-01-22,0.99918000,1.00000000,0.99890000,0.99905000,35973176.05000000
2026-01-23,0.99906000,0.99990000,0.99845000,0.99876000,44320207.85000000
2026-01-24,0.99877000,0.99905000,0.99828000,0.99848000,17910009.85000000
2026-01-25,0.99852000,0.99920000,0.99819000,0.99902000,18290718.77000000
2026-01-26,0.99893000,0.99994000,0.99854000,0.99901000,39615787.92000000
2026-01-27,0.99901000,0.99919000,0.99831000,0.99864000,34599371.58000000
2026-01-28,0.99863000,0.99994000,0.99821000,0.99864000,34213986.27000000
2026-01-29,0.99864000,0.99990000,0.99600000,0.99843000,39633376.17000000
2026-01-30,0.99839000,0.99980000,0.99104000,0.99848000,44546989.04000000
2026-01-31,0.99848000,0.99920000,0.99799000,0.99883000,40901304.86000000
2026-02-01,0.99886000,0.99980000,0.99867000,0.99910000,22127590.92000000
2026-02-02,0.99907000,0.99987000,0.99800000,0.99924000,49604287.09000000
2026-02-03,0.99921000,0.99994000,0.99847000,0.99863000,36510063.46000000
2026-02-04,0.99854000,0.99896000,0.99738000,0.99789000,44705720.53000000
2026-02-05,0.99789000,1.00893000,0.99737000,0.99811000,78494449.81000000
2026-02-06,0.99811000,1.00057000,0.98750000,0.99917000,79670308.23000000
2026-02-07,0.99916000,0.99981000,0.99890000,0.99937000,17453014.54000000
2026-02-08,0.99948000,0.99960000,0.99895000,0.99927000,13101612.86000000
2026-02-09,0.99926000,1.00000000,0.99880000,0.99961000,48806497.90000000
2026-02-10,0.99949000,1.00090000,0.99860000,0.99956000,48910196.64000000
2026-02-11,0.99951000,0.99977000,0.99847000,0.99934000,35227622.34000000
2026-02-12,0.99933000,0.99995000,0.99859000,0.99931000,34815249.59000000
2026-02-13,0.99931000,0.99980000,0.99170000,0.99949000,36431453.58000000
2026-02-14,0.99944000,0.99988000,0.99924000,0.99956000,11534855.04000000
2026-02-15,0.99956000,0.99988000,0.99930000,0.99942000,13137054.25000000
2026-02-16,0.99947000,0.99971000,0.99866000,0.99948000,17186229.14000000
2026-02-17,0.99960000,0.99980000,0.99200000,0.99960000,28827836.85000000
2026-02-18,0.99960000,1.00020000,0.99875000,0.99964000,51597369.07000000
2026-02-19,0.99964000,0.99990000,0.99875000,0.99959000,33146320.88000000
2026-02-20,0.99964000,0.99990000,0.99860000,0.99956000,45763713.03000000
2026-02-21,0.99956000,0.99994000,0.99952000,0.99980000,13324433.05000000
2026-02-22,0.99979000,0.99994000,0.99931000,0.99961000,11409154.29000000
2026-02-23,0.99961000,1.00020000,0.99820000,0.99965000,37147730.99000000
2026-02-24,0.99969000,1.00036000,0.99605000,1.00011000,37323446.87000000
2026-02-25,1.00011000,1.00057000,0.99921000,1.00006000,32233108.81000000
2026-02-26,1.00011000,1.00030000,0.99907000,0.99988000,32474128.68000000
2026-02-27,0.99998000,1.00032000,0.99940000,0.99996000,30184638.56000000
2026-02-28,0.99997000,1.00124000,0.99982000,1.00007000,35118308.39000000
2026-03-01,1.00007000,1.00042000,0.99976000,0.99993000,20784293.86000000
2026-03-02,0.99994000,1.00072000,0.99900000,0.99999000,40709783.71000000
2026-03-03,0.99996000,1.00198000,0.99956000,0.99996000,50193061.19000000
2026-03-04,1.00006000,1.00800000,0.99970000,1.00021000,43869947.33000000
2026-03-05,1.00022000,1.00052000,0.99980000,1.00018000,31640751.68000000
2026-03-06,1.00018000,1.00060000,0.99930000,0.99995000,39408221.24000000
2026-03-07,0.99997000,1.00024000,0.99990000,1.00001000,10334833.28000000
2026-03-08,1.00003000,1.00037000,0.99993000,1.00002000,11665482.85000000
2026-03-09,1.00002000,1.01009000,0.99974000,1.00015000,32086297.85000000
2026-03-10,1.00009000,1.00021000,0.99960000,0.99999000,26028298.39000000
2026-03-11,1.00002000,1.00040000,0.99972000,1.00024000,40291372.60000000
2026-03-12,1.00016000,1.00046000,0.99050000,1.00000000,40578891.31000000
2026-03-13,1.00008000,1.00699000,0.99975000,1.00029000,43458633.26000000
2026-03-14,1.00029000,1.00040000,0.99989000,1.00026000,13117661.84000000
2026-03-15,1.00029000,1.00049000,0.99994000,1.00028000,10834665.15000000
2026-03-16,1.00028000,1.00039000,0.99975000,0.99998000,39216973.01000000
2026-03-17,0.99998000,1.00057000,0.99979000,1.00035000,35210977.08000000
2026-03-18,1.00036000,1.00065000,0.99978000,1.00021000,26316856.24000000
2026-03-19,1.00018000,1.00035000,0.99972000,1.00009000,28917006.02000000
2026-03-20,1.00010000,1.00034000,0.99850000,1.00001000,37636589.81000000
2026-03-21,1.00001000,1.00008000,0.99881000,0.99986000,9372727.58000000
2026-03-22,0.99981000,1.00020000,0.99963000,0.99973000,10630967.66000000
2026-03-23,0.99973000,1.00030000,0.99932000,0.99990000,31138617.11000000
2026-03-24,0.99979000,1.00016000,0.99936000,0.99958000,24528036.82000000
2026-03-25,0.99959000,1.00000000,0.99935000,0.99975000,27982431.45000000
2026-03-26,0.99974000,1.00000000,0.99903000,0.99946000,38120804.12000000
2026-03-27,0.99937000,1.00016000,0.99875000,0.99942000,40671302.26000000
2026-03-28,0.99942000,0.99952000,0.99895000,0.99920000,10641221.18000000
2026-03-29,0.99911000,0.99943000,0.99897000,0.99932000,8091615.23000000
2026-03-30,0.99932000,0.99985000,0.98597000,0.99924000,33507981.73000000
2026-03-31,0.99924000,0.99985000,0.99700000,0.99909000,38843535.51000000
2026-04-01,0.99909000,0.99998000,0.99880000,0.99990000,33428870.01000000
2026-04-02,0.99990000,1.00085000,0.99809000,1.00015000,34610010.57000000
2026-04-03,1.00015000,1.00669000,0.99955000,0.99994000,23861437.98000000
2026-04-04,0.99995000,1.00020000,0.99948000,0.99987000,11887578.65000000
2026-04-05,0.99987000,1.00000000,0.99940000,0.99959000,9423271.03000000
2026-04-06,0.99959000,1.00030000,0.99870000,1.00010000,36187713.51000000
2026-04-07,1.00008000,1.00030000,0.99952000,0.99984000,38501970.78000000
2026-04-08,0.99985000,1.00050000,0.99870000,1.00009000,39970382.70000000
2026-04-09,1.00009000,1.00036000,0.99870000,0.99998000,33601665.27000000
2026-04-10,0.99998000,1.00670000,0.99950000,1.00032000,66729287.38000000
2026-04-11,1.00033000,1.00052000,1.00007000,1.00020000,12566103.70000000
2026-04-12,1.00017000,1.00064000,0.99986000,0.99991000,12872302.34000000
2026-04-13,0.99992000,1.00080000,0.99940000,1.00019000,48881425.53000000
2026-04-14,1.00019000,1.00087000,1.00001000,1.00046000,45582535.04000000
2026-04-15,1.00047000,1.00047000,1.00000000,1.00033000,35450109.93000000
2026-04-16,1.00032000,1.00040000,0.99990000,1.00035000,34645936.52000000
2026-04-17,1.00035000,1.00048000,0.99975000,1.00032000,59097367.35000000
2026-04-18,1.00032000,1.00048000,1.00016000,1.00046000,14528206.76000000
2026-04-19,1.00047000,1.00063000,1.00020000,1.00048000,16001957.72000000
2026-04-20,1.00049000,1.00066000,0.99975000,1.00046000,46245908.72000000
2026-04-21,1.00045000,1.00480000,0.99991000,1.00032000,41762993.31000000
2026-04-22,1.00033000,1.00055000,0.99987000,1.00041000,51599192.37000000
2026-04-23,1.00040000,1.00114000,0.99975000,1.00035000,50960336.72000000
2026-04-24,1.00034000,1.00091000,1.00006000,1.00035000,35298341.26000000
2026-04-25,1.00034000,1.00044000,1.00010000,1.00033000,12945568.43000000
2026-04-26,1.00034000,1.00051000,0.99998000,1.00036000,10639192.64000000
2026-04-27,1.00035000,1.00042000,0.99946000,0.99984000,55384525.23000000
2026-04-28,0.99984000,1.00017000,0.99957000,0.99983000,49425393.74000000
2026-04-29,0.99975000,1.00004000,0.99935000,0.99960000,37749542.89000000
2026-04-30,0.99960000,1.00000000,0.99924000,0.99953000,40881268.03000000
2026-05-01,0.99953000,1.00010000,0.99929000,0.99987000,25560376.06000000
2026-05-02,0.99987000,1.00000000,0.99957000,1.00000000,12494034.01000000
2026-05-03,1.00000000,1.00010000,0.99954000,0.99991000,7814201.63000000
2026-05-04,0.99991000,1.00600000,0.99948000,0.99978000,41588286.92000000
2026-05-05,0.99978000,1.00790000,0.99955000,0.99995000,39139493.28000000
2026-05-06,0.99995000,1.00010000,0.99701000,0.99986000,36235609.92000000
2026-05-07,0.99990000,1.00430000,0.99801000,0.99987000,48645986.96000000
2026-05-08,0.99988000,1.00020000,0.99770000,0.99994000,39741700.23000000
2026-05-09,0.99991000,1.00001000,0.99959000,0.99980000,13794882.32000000
2026-05-10,0.99980000,1.00011000,0.99959000,1.00006000,13730825.31000000
2026-05-11,1.00007000,1.00014000,0.99520000,0.99965000,35266400.95000000
2026-05-12,0.99960000,0.99997000,0.99300000,0.99976000,37103930.09000000
2026-05-13,0.99976000,1.00000000,0.99922000,0.99958000,34584956.73000000
2026-05-14,0.99957000,1.00014000,0.99941000,0.99978000,34614696.44000000
2026-05-15,0.99979000,0.99986000,0.99852000,0.99942000,48495408.34000000
2026-05-16,0.99937000,0.99971000,0.99920000,0.99958000,10977872.23000000
2026-05-17,0.99958000,0.99969000,0.99924000,0.99952000,7440827.82000000
2026-05-18,0.99952000,0.99985000,0.99855000,0.99939000,36325701.98000000
2026-05-19,0.99928000,0.99995000,0.99845000,0.99916000,29134883.93000000
2026-05-20,0.99917000,0.99933000,0.99860000,0.99899000,27325117.91000000
2026-05-21,0.99899000,0.99990000,0.99770000,0.99910000,32011943.78000000
2026-05-22,0.99910000,1.00000000,0.99845000,0.99880000,29987475.15000000
2026-05-23,0.99880000,0.99910000,0.99868000,0.99872000,8492477.94000000
2026-05-24,0.99875000,1.00000000,0.99841000,0.99867000,12809991.14000000
2026-05-25,0.99867000,0.99999000,0.99836000,0.99895000,18853286.19000000
2026-05-26,0.99895000,0.99920000,0.98000000,0.99865000,42091363.30000000
2026-05-27,0.99854000,0.99881000,0.99050000,0.99854000,19846383.52000000
2026-05-28,0.99831000,0.99915000,0.99790000,0.99877000,31307622.12000000
2026-05-29,0.99877000,1.00000000,0.99816000,0.99878000,35034662.57000000
2026-05-30,0.99866000,1.00000000,0.99850000,0.99866000,15383084.63000000
2026-05-31,0.99869000,0.99881000,0.99822000,0.99862000,7983495.59000000
2026-06-01,0.99872000,1.00000000,0.99760000,0.99862000,32775106.15000000
2026-06-02,0.99864000,0.99979000,0.99771000,0.99858000,44317883.47000000
2026-06-03,0.99858000,0.99995000,0.99800000,0.99872000,33092635.17000000
2026-06-04,0.99871000,0.99955000,0.99560000,0.99887000,33459898.88000000
2026-06-05,0.99887000,1.00000000,0.99852000,0.99968000,61888766.88000000
2026-06-06,0.99968000,0.99999000,0.99916000,0.99951000,11786444.00000000
2026-06-07,0.99960000,1.00000000,0.99937000,0.99961000,12763998.04000000
2026-06-08,0.99961000,1.00000000,0.98300000,0.99961000,62538805.33000000
2026-06-09,0.99961000,1.00001000,0.99895000,0.99944000,30829914.82000000
2026-06-10,0.99943000,0.99999000,0.99854000,0.99906000,21157970.29000000
2026-06-11,0.99906000,0.99975000,0.99846000,0.99892000,33582142.46000000
2026-06-12,0.99892000,1.00000000,0.99835000,0.99952000,39108359.93000000
2026-06-13,0.99952000,1.00001000,0.99907000,0.99966000,10258219.44000000
2026-06-14,0.99966000,1.00001000,0.99910000,0.99937000,10989463.16000000
2026-06-15,0.99950000,0.99985000,0.99891000,0.99945000,25138360.49000000
2026-06-16,0.99945000,1.00000000,0.99875000,0.99898000,34039086.30000000
2026-06-17,0.99896000,1.00000000,0.99878000,0.99913000,23055884.13000000
2026-06-18,0.99913000,0.99943000,0.99832000,0.99906000,23657504.26000000
2026-06-19,0.99906000,0.99920000,0.99250000,0.99909000,32117750.27000000
2026-06-20,0.99909000,0.99925000,0.99870000,0.99889000,5973675.70000000
2026-06-21,0.99889000,0.99905000,0.99851000,0.99893000,5155695.08000000
2026-06-22,0.99881000,0.99915000,0.99260000,0.99880000,45334801.98000000
2026-06-23,0.99864000,0.99921000,0.99554000,0.99877000,27008313.60000000
2026-06-24,0.99873000,0.99912000,0.99785000,0.99842000,32949426.73000000
2026-06-25,0.99855000,0.99880000,0.99800000,0.99845000,20513919.91000000
2026-06-26,0.99838000,0.99881000,0.99821000,0.99861000,23048793.44000000
2026-06-27,0.99861000,0.99879000,0.99812000,0.99850000,8625551.72000000
2026-06-28,0.99850000,0.99883000,0.99833000,0.99850000,6157797.20000000
2026-06-29,0.99850000,0.99890000,0.99790000,0.99851000,28792744.39000000
2026-06-30,0.99851000,0.99880000,0.98800000,0.99850000,29691425.11000000
2026-07-01,0.99847000,0.99930000,0.99824000,0.99882000,33709376.84000000
2026-07-02,0.99896000,0.99975000,0.99849000,0.99876000,34408274.72000000
2026-07-03,0.99887000,0.99947000,0.99857000,0.99902000,40909644.70000000
2026-07-04,0.99902000,0.99960000,0.99883000,0.99910000,8561138.72000000
2026-07-05,0.99910000,0.99925000,0.99880000,0.99905000,6195941.23000000
2026-07-06,0.99904000,0.99942000,0.99865000,0.99915000,31976688.36000000
2026-07-07,0.99931000,0.99990000,0.99874000,0.99933000,29964196.12000000
2026-07-08,0.99933000,0.99950000,0.99857000,0.99890000,25125938.16000000
2026-07-09,0.99890000,0.99945000,0.99845000,0.99914000,28204020.97000000
2026-07-10,0.99914000,0.99943000,0.99887000,0.99935000,22768162.44000000
2026-07-11,0.99935000,0.99940000,0.99891000,0.99940000,6711441.98000000
2026-07-12,0.99940000,0.99940000,0.99905000,0.99937000,4662406.67000000
2026-07-13,0.99929000,0.99940000,0.99855000,0.99873000,24400339.40000000
2026-07-14,0.99873000,0.99939000,0.99845000,0.99925000,25704843.68000000
2026-07-15,0.99933000,0.99950000,0.99875000,0.99936000,22488781.02000000
2026-07-16,0.99930000,0.99944000,0.99881000,0.99915000,17842717.16000000
2026-07-17,0.99913000,0.99934000,0.99864000,0.99922000,23590669.86000000
2026-07-18,0.99929000,0.99934000,0.99900000,0.99930000,6826666.54000000
2026-07-19,0.99929000,0.99935000,0.99903000,0.99919000,4554977.79000000
2026-07-20,0.99919000,0.99932000,0.99860000,0.99909000,37742167.19000000
2026-07-21,0.99911000,0.99950000,0.99720000,0.99920000,24842845.20000000
2026-07-22,0.99920000,0.99967000,0.99888000,0.99948000,38822239.40000000
2026-07-23,0.99953000,0.99968000,0.99888000,0.99925000,21828723.57000000
2026-07-24,0.99924000,0.99975000,0.99200000,0.99913000,33141989.57000000
2026-07-25,0.99904000,0.99926000,0.99885000,0.99910000,5419104.53000000
2026-07-26,0.99900000,0.99927000,0.99882000,0.99898000,5505437.19000000
2026-07-27,0.99898000,0.99930000,0.99855000,0.99903000,30939055.17000000
2026-07-28,0.99903000,0.99930000,0.99850000,0.99870000,23773989.84000000
2026-07-29,0.99873000,0.99906000,0.99835000,0.99870000,31103353.46000000
2026-07-30,0.99873000,0.99920000,0.99825000,0.99915000,35569106.44000000
2026-07-31,0.99915000,0.99923000,0.99847000,0.99900000,39799436.61000000
2026-08-01,0.99898000,0.99925000,0.99875000,0.99900000,10492663.88000000
2026-08-02,0.99900000,0.99915000,0.99877000,0.99893000,5975053.90000000
2026-08-03,0.99887000,0.99917000,0.99825000,0.99904000,60316869.50000000
2026-08-04,0.99904000,0.99920000,0.99873000,0.99912000,29563623.44000000
2026-08-05,0.99910000,0.99925000,0.99872000,0.99897000,36442192.25000000
2026-08-06,0.99897000,0.99925000,0.99863000,0.99903000,42890502.85000000
2026-08-07,0.99911000,1.00000000,0.99884000,0.99938000,62889141.88000000
2026-08-08,0.99932000,0.99954000,0.99901000,0.99920000,8949018.45000000
2026-08-09,0.99920000,0.99955000,0.99895000,0.99930000,8715280.33000000
2026-08-10,0.99930000,0.99940000,0.99875000,0.99900000,31675286.24000000
2026-08-11,0.99900000,0.99920000,0.99863000,0.99908000,43629062.81000000
2026-08-12,0.99902000,0.99919000,0.99873000,0.99900000,33824694.22000000
2026-08-13,0.99900000,0.99911000,0.99864000,0.99902000,28771795.06000000
2026-08-14,0.99902000,0.99914000,0.99854000,0.99894000,27906655.67000000
2026-08-15,0.99895000,0.99908000,0.99871000,0.99891000,9578660.44000000
2026-08-16,0.99891000,0.99903000,0.99866000,0.99891000,7240776.60000000
2026-08-17,0.99890000,0.99920000,0.99849000,0.99906000,29694772.64000000
2026-08-18,0.99910000,0.99935000,0.99875000,0.99923000,26313862.06000000
2026-08-19,0.99928000,0.99977000,0.99840000,0.99939000,38453950.51000000
2026-08-20,0.99940000,0.99979000,0.99150000,0.99975000,37733045.66000000
2026-08-21,0.99975000,1.00000000,0.99880000,0.99986000,52725870.60000000
2026-08-22,0.99985000,0.99996000,0.99956000,0.99970000,21026702.99000000
2026-08-23,0.99971000,0.99993000,0.99957000,0.99987000,9486529.76000000
2026-08-24,0.99989000,1.00010000,0.99944000,0.99975000,37322798.26000000
2026-08-25,0.99982000,1.00016000,0.99945000,0.99992000,31841456.97000000
2026-08-26,0.99992000,1.00018000,0.99900000,1.00003000,29578599.49000000
2026-08-27,1.00000000,1.00027000,0.99960000,1.00014000,34338221.02000000
2026-08-28,1.00014000,1.00022000,1.00006000,1.00021000,309281.33000000
